Experiment Name,Hypothesis,Confidence Thresh,IoU Thresh,Max Age,Min Hits,Image Size,Device,MOTA (%),IDF1 (%),ID Switches,False Positives,False Negatives,Mostly Tracked,Partially Tracked,Mostly Lost,Predictions Count,Runtime (s),Speed (FPS),Status,Observations
Baseline Conf 0.40,Initial baseline at default confidence 0.40 with naive Hungarian association,0.4,0.3,30,3,640,cpu,18.15,26.49,35,232,14942,7,12,43,3871,,,Completed (Baseline),"Low false positives (232), but high false negatives (14,942) due to strict detector cutoff."
Baseline Conf 0.25,Lower detector confidence threshold to capture more pedestrian candidates,0.25,0.3,30,3,640,cpu,18.75,26.77,81,921,14095,7,14,41,5407,,,Completed (Baseline),"Best baseline MOTA (18.75%), but FP increased by 4x (921) and ID switches doubled (81)."
Baseline Conf 0.15,Very low confidence threshold to aggressively reduce missed pedestrians,0.15,0.3,30,3,640,cpu,11.57,26.92,189,3199,13044,8,17,37,8736,,,Completed (Baseline),"Severe degradation: MOTA crashed to 11.57% due to massive false positives (3,199) and 189 ID switches."
Conf 0.25 + Assoc Fix,Fix Hungarian assignment so sub-threshold IoUs cannot divert or steal valid matches,0.25,0.3,30,3,640,cpu,18.58,26.38,95,939,14094,8,13,41,5426,50.57,11.9,Completed,Mathematically sound matching verified; mostly tracked objects increased from 7 to 8; verified no test regressions.
Conf 0.30 + Assoc Fix,Balance detector noise suppression and detection recall at conf 0.30,0.3,0.3,30,3,640,cpu,18.66,26.79,67,628,14419,8,12,42,4790,48.44,12.4,Completed,IDF1 improved to 26.79%; false positives reduced by 33% (628 vs 939) and ID switches reduced to 67.
Conf 0.35 + Assoc Fix,Further filter out marginal background detections while keeping pedestrian tracks intact,0.35,0.3,30,3,640,cpu,18.84,26.13,46,366,14669,7,13,42,4278,47.52,12.6,Completed,MOTA rose to 18.84% (surpassing all baselines); FP plunged to 366 and ID switches dropped to 46.
Conf 0.40 + Assoc Fix,Confirm performance at baseline 0.40 cutoff under new association logic,0.4,0.3,30,3,640,cpu,18.15,26.56,37,233,14939,7,12,43,3875,53.56,11.2,Completed,"MOTA 18.15%, ID switches 37; higher FN (14,939) confirms conf 0.35 is superior."
Conf 0.35 + MinHits=2,Lower confirmation threshold to recover track bounding boxes in earlier frames,0.35,0.3,30,2,640,cpu,18.78,26.2,54,407,14631,7,13,42,4357,53.26,11.3,Completed,"False negatives slightly reduced (14,631 vs 14,669), but FP rose to 407, yielding MOTA 18.78%."
Conf 0.35 + IoU=0.20,Relax association IoU threshold to capture partially overlapping occluded boxes,0.35,0.2,30,3,640,cpu,18.75,26.13,52,379,14666,7,13,42,4294,48.63,12.3,Completed,Slight drift into ID switches (52 vs 46); default IoU threshold 0.30 remains optimal.
Conf 0.35 + MaxAge=45,Extend track memory to 45 frames (1.5s) to preserve identity across longer occlusions,0.35,0.3,45,3,640,cpu,18.9,27.06,41,372,14656,7,13,42,4297,48.76,12.3,Completed,Significant improvement: MOTA reached 18.90% and IDF1 jumped to 27.06% with ID switches down to 41.
Conf 0.35 + MaxAge=60 (Best 640px),Extend track memory to 60 frames (2.0s) to maximize occlusion recovery and identity retention at default 640px,0.35,0.3,60,3,640,cpu,18.9,27.86,40,375,14655,7,13,42,4301,48.33,12.4,Completed,"Best 640px result: MOTA 18.90%, IDF1 27.86% (+0.94% over best baseline IDF1 26.92% at conf 0.15, +1.09% over conf 0.25), IDSW 40 (-51% vs baseline 81), FP 375 (-59% vs baseline 921)."
Conf 0.30 + MaxAge=60,Evaluate combined conf 0.30 with max_age 60,0.3,0.3,60,3,640,cpu,18.66,26.47,67,637,14410,7,13,42,4808,49.82,12.0,Completed,Lower confidence yields higher FP (637) and lower IDF1 (26.47%) than conf 0.35 + max_age 60.
Conf 0.35 + MaxAge=60 + ImgSz=960,Increase detector resolution to 960px to detect smaller/distant occluded pedestrians,0.35,0.3,60,3,960,cpu,24.79,33.59,70,617,13287,7,16,39,5911,129.96,4.6,Completed,"Substantial gain: MOTA surged to 24.79% (+5.89% over 640px), IDF1 to 33.59% (+5.73%), and FN reduced by 1,368 misses (13,287 vs 14,655)."
Conf 0.35 + MaxAge=60 + ImgSz=1280 (Best Overall),Increase detector resolution to 1280px to maximize detection recall on high-res 1080p video,0.35,0.3,60,3,1280,cpu,27.75,35.82,82,1138,12205,8,23,31,7514,174.89,3.4,Completed (Best Overall),"Peak overall tracking accuracy: MOTA 27.75% (+8.85% over 640px), IDF1 35.82% (+7.96% over 640px, +8.90% over best baseline 26.92%), FN reduced by 2,450 misses (12,205 vs 14,655), Mostly Lost reduced from 42 to 31."
"Two-Stage ByteTrack (Conf 0.35/0.10, ImgSz 1280)","Recover occluded tracks using two-stage association with low-confidence detections [0.10, 0.35) while initializing new tracks only from high-confidence detections",0.35,0.3,60,3,1280,cpu,15.56,36.67,169,5361,10160,9,32,21,13782,178.68,3.4,Completed,"High identity preservation (IDF1 36.67%) and pedestrian coverage (FN 10,160). However, sub-0.20 noise boxes inflated FP to 5,361, reducing MOTA to 15.56%."
"Two-Stage ByteTrack (Conf 0.35/0.20, ImgSz 1280)",Filter out ultra-low confidence clutter (<0.20) in two-stage recovery to suppress false positives,0.35,0.3,60,3,1280,cpu,22.96,35.78,151,3003,11161,10,23,29,10423,212.19,2.8,Completed,"Substantial FP reduction: FP dropped from 5,361 to 3,003 (-44%), MOTA recovered to 22.96% (+7.40%), while preserving pedestrian coverage (FN 11,161, MT 10, IDF1 35.78%)."
"Two-Stage ByteTrack (Conf 0.35/0.25, ImgSz 1280, Best IDF1)",Set low-confidence floor to 0.25 to tightly filter noise while retaining genuine occluded pedestrian recovery,0.35,0.3,60,3,1280,cpu,25.23,37.52,121,2243,11529,8,24,30,9295,197.73,3.0,Completed (Best IDF1),"Best identity preservation overall: IDF1 achieved 37.52% (+1.70% over single-stage 1280px, +0.85% over 0.10 two-stage). FP dropped to 2,243 (down by 3,118 vs 0.10), recovering MOTA to 25.23% (+9.67% over 0.10) while still beating single-stage on misses (11,529 vs 12,205)."
